Meninggal Dunia Harian;Aceh;Bali;Banten;Babel;Bengkulu;DIY;Jakarta;Jambi;Jabar;Jateng;Jatim;Kalbar;Kaltim;Kalteng;Kalsel;Kaltara;Kep Riau;NTB;Sumsel;Sumbar;Sulut;Sumut;Sultra;Sulsel;Sulteng;Lampung;Riau;Malut;Maluku;Papbar;Papua;Sulbar;NTT;Gorontalo;?;Total
;;;;;;;;;;;;;;;;;;;;;;;;;;;;;;;;;;;275;275
21-Mar;;;1;;;;5;;;;;;;;;;;;;;;;;;;;;;;;;;;;;6
22-Mar;;1;1;;;;6;;2;;;;;;;;;;;;;;;;;;;;;;;;;;;10
23-Mar;;;;;;;;;;;;;;;;;;;;;;;;1;;;;;;;;;;;;1
24-Mar;;;1;;;1;2;;1;;;;;;;;1;;;;;;;1;;;;;;;;;;;;7
25-Mar;;;;;;1;;;;1;;;;;;;;;1;;;;;;;;;;;;;;;;;3
26-Mar;;;;;;;15;;1;2;2;;;;;;;;;;;;;;;;;;;;;;;;;20
27-Mar;;;;;;;5;;3;;1;;;;;;;;;;;;;;;;;;;;;;;;;9
28-Mar;;;;;;;11;;3;1;;;;;;;;;;;;;;;;;;;;;;;;;;15
29-Mar;;;;;;;6;;2;;3;;;;;;;;1;;;;;;;;;;;;;;;;;12
30-Mar;;;;;;;6;;1;;1;;;;;;;;;;;;;;;;;;;;;;;;;8
31-Mar;;;;;1;;9;;1;;;2;;;;;;;;;;;;;;;;;;1;;;;;;14
1-Apr;;;10;1;;;2;;;;1;;1;;;;;;;;;2;;4;;;;;;;;;;;;21
2-Apr;;;;;;1;5;;4;;2;;;;;;;;;;;;;;;1;;;;;;;;;;13
3-Apr;;;;;;;;;;11;;;;;;;;;;;;;;;;;;;;;;;;;;11
4-Apr;1;;3;;;;1;;1;;3;;;;;;;;;;;;;;;;;;;;1;;;;;10
5-Apr;;;;;;;6;;;;;;;;;;;;;;;1;;;;;;;;;;;;;;7
6-Apr;;;;;;;4;;1;4;;;;;;;;;;;;;;1;;;;;;;1;;;;;11
7-Apr;;;1;;;;7;;;;2;;;;;;;;;;;;;;2;;;;;;;;;;;12
8-Apr;;;;;;4;8;;6;;;;;;;;;;;;1;;;;;;;;;;;;;;;19
9-Apr;;;2;;;;28;;5;;1;;;;2;;;;;;;;;2;;;;;;;;;;;;40
10-Apr;;;1;;;;12;;;;5;;;1;;;;;;3;1;;;3;;;;;;;;;;;;26
11-Apr;;;;;;;5;;;;3;;;;;1;;2;;;;4;1;4;;;;;;;;1;;;;21
12-Apr;;;;;;;36;;3;3;2;1;;;;;;;;;;;;;;;;;;;1;;;;;46
13-Apr;;;1;;;;9;;9;;3;;;;;;;;;;;1;;;;3;;;;;;;;;;26
14-Apr;;;;;;;37;;;1;11;;;;3;;4;;;2;;;;;1;1;;;;;;;;;;60
15-Apr;;;2;;;;;;;1;4;;;1;1;;;;;;;;;;;1;;;;;;;;;;10
16-Apr;;;7;;;;2;;1;;1;;;;;;2;;;;;;;8;;;3;;;;3;;;;;27
17-Apr;;;2;;;1;2;;3;13;;;;;;;;;;2;;;;;;;1;;;;;;;;;24
18-Apr;;1;;;;;7;;;;3;;;;;;;;;1;;;1;2;;;;;;;;;;;;15
19-Apr;;;;;;;34;;3;3;5;;;;;;;1;1;;;;;;;;;;;;;;;;;47
20-Apr;;;1;;;;;;3;;2;;;1;;;;1;;;;;;;;;;;;;;;;;;8
21-Apr;;;;;;;11;;6;;;;;1;;;1;;;;1;;;5;;;;;;;;;;1;;26
22-Apr;;1;;;;;3;;3;9;2;;;;;;;;;1;;1;;;;;;;;;;;;;;20
23-Apr;;;;;;;;;3;;2;;;;;;;;;1;;1;;4;;;;;;;;;;;;11
24-Apr;;;4;;;;25;;3;1;7;;;;;;;;;1;;;;1;;;;;;;;;;;;42
25-Apr;;;;;;;20;;;;8;;;;;;;;;1;;1;;1;;;;;;;;;;;;31
26-Apr;;;;;;;7;;;4;12;;;;;;;;;;;;;;;;;;;;;;;;;23
27-Apr;;;1;;;;14;;1;;1;;;1;;;;;;3;;;;1;;;;;;;;;;;;22
28-Apr;;;1;;;;3;;1;;2;;;1;;;;;;;;;;;;;;;;;;;;;;8
29-Apr;;;;;;;;;;1;5;;;;3;;1;;;1;;;;;;;;;;;;;;;;11
30-Apr;;;;;;;1;;4;;1;;;;;;;;;;1;1;;;;;;;;;;;;;;8
1-May;;;;;;;4;;;1;3;;;;;;;;;;;;;;;;;;;;;;;;;8
2-May;;;;;;;17;;1;2;7;;;;;;;;;;;;;3;;;1;;;;;;;;;31
3-May;;;;;;;6;;1;;5;;;1;;;;;1;;;;;;;;;;;;;;;;;14
4-May;;;;;;;10;;1;;6;;;;;;;;1;;;;;;;;1;;;;;;;;;19
5-May;;;;;;;1;;1;;;;1;;;;1;;;1;;;;2;;;;;;;;1;;;;8
6-May;;;;;;;5;;3;2;6;;;;;;;1;;;;3;;3;;;;;;;;;;;;23
7-May;;;15;;;;9;;;;10;;;;;;;;1;;;;;;;;;;;;;;;;;35
8-May;;;;;;;1;;2;1;5;;;;;;;;;1;;;;1;;;;;2;;;;;;;13
9-May;;;;;;;3;;3;1;3;;;;;;;1;;;;5;;;;;;;;;;;;;;16
10-May;;;;;;;7;;;;2;;;;;;1;;3;;;;;1;;;;;;;;;;;;14
11-May;;;;;;;7;;;;6;;;;;;;;;;;3;;2;;;;;;;;;;;;18
12-May;;;;;;;2;;3;;6;;1;;;;;;;1;1;;;;;;;;2;;;;;;;16
13-May;;;1;;;;6;;;;8;;;;;;;1;;1;;;1;;;;;3;;;;;;;;21
14-May;;;;;1;;3;;1;;4;;;;;;;;;2;;;;2;1;;;;;;;;1;;;15
15-May;;;3;;;;8;;1;4;11;;;4;;;;;;;;;2;;;;;;;;;;;;;33
16-May;;;1;;;1;;;;;5;;;;;;;;2;1;1;;;1;;;;1;;;;;;;;13
17-May;;;;;;;3;;10;;11;1;;;27;;;;;;1;2;;1;;;;;2;;;;;1;;59
18-May;;;1;;;;;;13;;15;;;;8;;;;2;;;1;;2;;1;;;;;;;;;;43
19-May;;;;;;;7;;1;;13;;;;3;;;;5;;;1;;;;;;;;;;;;;;30
20-May;;;;;;;2;;;;6;;;;5;;1;;1;1;1;2;;1;;;;;1;;;;;;;21
21-May;;;3;;;;9;;;;13;;;;2;;;;2;;3;1;;3;;;;;;;;;;;;36
22-May;;;1;;;;18;;1;;15;;;4;3;;;;1;;1;1;;2;;1;;;;;;;;;;48
23-May;;;;;;;1;;2;;15;;;;1;;;1;1;1;2;;;;;;;;;1;;;;;;25
24-May;;;;;;;;;1;;12;;;;1;;;;2;;1;1;;2;;;;1;;;;;;;;21
25-May;;;;;;;;;;;9;;;2;2;;;;;;3;;;3;;;;;;;;;;;;19
26-May;;;;;;;;;9;;9;;;;2;;;;;;4;;;2;;1;;;;;;;;;;27
27-May;;;;;;;8;;5;;19;;;;8;1;1;1;;1;7;1;;;;2;;1;;;;;;;;55
28-May;;;;;;;;;;;14;;;;;;;1;;;5;2;;;;;;;1;;;;;;;23
29-May;;;3;;;;;;;;11;;;;1;;1;;2;;1;;;3;;;;1;;;;;;1;;24
30-May;;;;;;;7;;2;;27;;;2;5;;;;4;;;5;;1;;;;;;;;;;;;53
31-May;;;;;;;1;;;;24;;;;3;;1;;3;;2;;;2;;;;4;;;;;;;;40
1-Jun;;1;;;;;1;;;;16;;;;6;;;;;;;;;1;;;;3;;;;;;;;28
2-Jun;;;;;;;;;7;;6;;;1;1;;;2;;;;;;;;;;1;;;1;;;3;;22
3-Jun;;;;;;;5;;3;1;11;;;4;3;;;1;1;;3;1;;;;1;;1;;;;;;;;35
4-Jun;;;;;;;;;1;;8;;;;3;;;4;;;;1;;4;;;;2;;;;;;;;23
5-Jun;;;1;;1;;1;;3;5;9;;;2;;;;3;3;2;;3;1;14;;;;1;;;;;;;;49
6-Jun;;;1;;1;;;;;;17;;;;3;;;1;4;;3;;;1;;;;;;;;;;;;31
7-Jun;;;;;;;5;;;22;20;;;;1;;;;;;2;;;;;;;;;;;;;;;50
8-Jun;;;;;;;;;3;;19;;;2;3;;;1;;;2;2;;;;;;;;;;;;;;32
9-Jun;;;1;;;;4;;;5;12;;;;4;;1;3;;2;;4;;3;;;;;;;;;;1;;40
10-Jun;;;1;;;;2;;;;16;;;1;4;;;3;4;;3;1;;1;;;;;;;;;;;;36
11-Jun;;;2;;;;2;;;;23;;;;4;;;3;;;2;3;;;;;;1;1;;;;;;;41
12-Jun;;;1;;;;3;;;;22;;1;;4;;;;1;;;1;;12;;;;2;1;;;;;;;48
13-Jun;;1;3;;1;;8;;;;14;;;1;4;;;2;1;;4;2;;;;;;;;1;;;;1;;43
14-Jun;;;;;1;;7;;;1;11;;;3;5;;;;7;1;;;;6;;1;;;;;;;;;;43
15-Jun;;;;1;;;2;;1;17;16;;;4;6;;;2;2;;;5;;7;;;;;1;;;;;;;64
16-Jun;;;;1;;;;;;;21;;;;4;;;;;;3;2;;;;;;;2;;;;;;;33
17-Jun;1;;;;;;6;;7;;14;;;;6;;;6;4;;;1;;;;;;;;;;;;;;45
18-Jun;;;;;;;15;;2;9;13;;;6;9;;;2;3;;2;;;;;;2;;;;;;;;;63
19-Jun;;;;;2;;;;;13;13;;;;2;;;;2;;2;;;;;;;;;;;;;;;34
20-Jun;;1;;;;;7;;;;20;;;2;3;;;1;1;;3;2;;15;;;;1;;;;;;;;56
21-Jun;;2;;;;;1;;;;17;;1;;10;;;;2;;1;2;;;;;;;;;;;;;;36
22-Jun;;;;;;;;;;1;13;;;3;;;;1;3;;2;3;;7;;;;2;;;;;;;;35
23-Jun;;;;;1;;8;;;4;13;;;1;2;;;;;;;3;;1;;;1;1;;;;;;;;35
24-Jun;;;;;1;;8;;;2;9;;1;;1;;;2;3;;;3;;6;1;;;;1;;;;;;;38
25-Jun;;2;;;;;6;;2;;14;;;;7;;;2;3;;1;3;;3;;;1;3;;;;;;;;47
26-Jun;;;;;;;8;;2;;32;;1;2;3;;;;2;1;3;4;;2;;;;2;1;;;;;;;63
27-Jun;;;;;;;8;;;;17;;;1;;;;1;1;;1;5;1;2;;;;;;;;;;;;37
28-Jun;;2;;;;;1;;;;18;;;;4;;;3;;;2;;;4;;;;;;;;;;;;34
29-Jun;;;;;1;;;;;;32;;;;4;;;6;2;;4;;;1;;;;;;1;;;;;;51
30-Jun;1;1;;;1;;7;;1;;30;;;2;3;;;1;7;;1;1;;4;;;;;1;;8;;;2;;71
1-Jul;;1;;;;;;;1;10;33;;;;1;;;3;3;;1;5;;;;;;;;;;;;;;58
2-Jul;;1;;;;;6;;;10;22;;;;;;;;8;;;2;1;;;;;;1;;1;;;1;;53
3-Jul;;;;;;;5;;;;21;;1;4;5;;;;3;;1;1;;7;;;;1;;;;;;;;49
4-Jul;;2;;;1;;;;;15;27;;;;3;;;1;;;;3;;;1;;;;;;;;;;;53
5-Jul;;2;1;;;;6;;;15;24;;;2;2;;;;1;;4;;1;24;;;;;;;;;;;;82
6-Jul;;3;;;;;;1;1;15;33;;1;;2;;;;1;;3;4;;1;;;1;;;;2;;;2;;70
7-Jul;;2;;;;;12;;2;5;26;;2;1;3;;;1;6;;2;1;;2;;;;;;;1;;;2;;68
8 Jul;;;;;;;4;;2;5;23;;;;1;;;6;1;;2;1;;3;;;;;;;1;;;1;;50
9-Jul;;1;;;1;1;6;;4;;23;;;3;3;;;1;1;1;1;5;1;4;;;;2;;;;;;;;58
10-Jul;;;1;;;;;;;10;27;;1;;2;;;2;5;;2;1;;;;;;;;;;;;1;;52
11-Jul;;1;;;2;;10;;;;36;;;;;;;;2;;3;4;;8;;;;;;;;;;;;66
12-Jul;1;;;;;;10;;;5;20;;4;;5;;;3;3;;3;4;;6;;;;4;;;2;1;;;;71
13-Jul;;;;;;1;6;;;;18;;1;5;5;;;4;1;;3;2;;3;;;;1;;;;;;;;50
14-Jul;1;;;;;;4;1;;;21;;;;3;;;1;4;;;5;1;13;;;;;;;;;;;;54
15-Jul;2;2;;;;;5;;1;18;28;;;;5;;;3;4;;;;1;12;;;;;;;3;;;3;;87
16-Jul;1;3;1;;;1;7;;;9;26;;;;5;;;;;;1;5;;15;;;;;;;1;;;1;;76
17-Jul;;3;;;;;6;;1;18;37;;;;2;;;1;3;;2;7;;2;;;;;;;;;;2;;84
18-Jul;;1;1;;;;8;;2;15;11;;;;7;;;3;2;;;3;;2;;;;;1;1;;;;2;;59
19-Jul;1;4;1;;;1;9;;;23;52;;1;9;3;;;5;1;1;2;1;;9;;;;;2;;1;;;1;;127
20-Jul;;4;;;;;9;;;36;32;;1;;5;;;2;1;;;3;;2;;;;;;;;;;1;;96
21-Jul;;2;1;;;1;8;;4;15;28;;;;6;;;2;2;;;4;;3;;;;;;;3;;;2;;81
22-Jul;;;;;;1;5;;2;70;35;;3;2;5;;;;2;;1;7;;3;;;;2;;;;;;1;;139
23-Jul;1;2;;;;1;2;;1;60;29;;3;;1;;;;;;7;9;1;;;;;;;;;;;;;117
24-Jul;;;;;;;4;;;38;29;;;;;;;5;5;;;3;1;3;;;;1;;;;;;;;89
25-Jul;;;;;;1;;;;10;18;;2;4;3;;;;;;1;3;;3;;;;2;;;2;;;;;49
26-Jul;;;2;;;1;4;;;10;17;;2;2;5;;;1;4;;2;4;;9;1;;;1;1;;;;;1;;67
27-Jul;;;;;;;10;;;10;19;;;1;2;;;3;1;;1;2;;5;;;;1;;;;;;2;;57
28-Jul;;;;;;2;15;;;8;22;;;;3;;1;1;1;;3;1;;4;;;1;;1;;;;;;;63
29-Jul;2;;;;;;14;;2;12;33;;;;4;;;;;;;3;;3;;;;;;;;;;1;;74
30-Jul;;;2;;2;;19;2;2;12;14;;2;;8;;;;7;;3;3;;2;;;;2;1;1;;1;;;;83
31-Jul;;;1;;;1;14;;;18;21;;2;3;1;;;2;;1;3;6;;;;;;;;;;;;;;73
1-Aug;;;;;;1;12;;;13;21;;1;;6;;1;;1;;;;;5;;;;;;;;;;1;;62
2-Aug;3;;;;1;;1;;;18;;;4;;;;;5;;;1;7;;;;1;;1;;;1;;;;;43
3-Aug;2;;2;;;;16;;;10;22;;4;;;;1;2;2;;1;2;1;;;;1;;;;;;;;;66
4-Aug;;;1;;1;;14;;6;;40;;1;;2;;;1;4;;;6;;7;;;;;;;;1;;2;;86
5-Aug;1;;;;;;14;;;15;18;;;;1;;;3;6;;;2;2;1;;;;;;;;;;1;;64
6-Aug;;;1;;;;13;;1;20;18;;1;4;;;;1;4;;1;1;;1;;;;;2;;1;;;;;69
7-Aug;;1;1;;;;12;;4;9;17;;4;1;3;;;;4;;3;9;;4;;;;;;;;;;;;72
8-Aug;;;1;;1;2;11;;3;11;22;;1;;2;;4;1;2;;;1;1;;;;;1;;;1;;;;;65
9 Aug;1;;;;;1;6;;4;3;21;;4;;3;;1;;11;;2;2;;1;;;1;2;;;;;;2;;65
10 Aug;;;;;1;1;2;;;5;17;;4;;1;;;2;3;;;1;;;;;;4;;;;;;1;;42
11 Aug;;;;;;;12;;4;3;21;;3;1;1;;;3;2;;3;4;;2;;;;;;;;;;;;59
12 Aug;2;;2;;2;1;15;;1;20;16;;2;;2;;1;1;2;2;;2;1;1;;;;3;;1;;1;;1;;79
13 Aug;1;;;;;;11;;1;14;22;;1;2;4;;1;;;1;;5;;1;;;;;;;;1;;;;65
14 Aug;2;;1;;;2;4;;1;9;14;;4;1;2;;;;2;1;;4;;4;;;;;;;;;;2;;53
15 Aug;2;;;;;;6;;;6;21;;1;;3;;;2;1;;1;3;;;;;;;3;;;;;1;;50
16 Aug;;1;1;;;;1;;2;6;35;;23;;;;1;;;2;2;2;;;;1;1;;;;1;;;;;79
17 Aug;;;;;;;14;;1;5;14;;4;;6;;;1;;1;1;3;;3;;;1;;1;;;;;2;;57
18 Aug;2;1;1;;;1;19;;;10;18;;1;2;;;;2;1;2;1;8;;;;;;;1;;;;;;;70
20 Aug;;;;;;2;16;;2;4;24;;2;;;;2;1;3;;1;9;;;;;1;;1;;4;;;;;72
21 Aug;2;;;;;1;15;1;8;5;30;;5;1;2;;1;2;2;;;2;1;;;;;2;;;;;;2;;82
22 Aug;;1;2;;;1;17;;6;16;25;;1;1;3;;;3;5;3;;6;1;1;;;1;;;;;;1;;;94
23 Aug;2;;;;;;17;;1;12;19;;15;;2;;1;2;4;1;;3;2;1;1;;1;;;1;;;;1;;86
24 Aug;3;;;;;1;16;;3;3;23;;3;;2;;1;5;1;;5;6;2;1;;;2;;;1;;;;1;;79
25 Aug;3;2;;;;;16;;1;25;27;;9;1;4;;1;2;3;1;;2;;;;;1;;1;;;;;;;99
26 Aug;;2;1;;;2;6;;;30;30;;2;;2;;;2;2;1;1;2;;;;;;;1;2;;;;;;86
27 Aug;;2;;;1;;11;;;33;30;;9;1;2;;4;3;3;2;;6;1;6;;;3;2;;1;;;;;;120
28 Aug;11;2;;;;;10;;2;28;20;;3;;5;;;1;3;2;;7;1;2;;;5;2;;;;;;1;;105
29 Aug;6;2;;;;1;18;;;10;21;;8;1;3;;;;11;;;6;;2;;;;;;1;;;;2;;92
30 Aug;6;3;4;;;;9;;;15;26;1;5;1;2;;;1;;1;1;3;2;;;;;1;;;1;;;;;82
31 Aug;2;3;;;;2;14;;8;8;21;;1;;1;;1;2;2;;;3;2;;;;4;;;;;;;;;74
1 Sep;3;2;4;;;;17;;2;14;26;;3;;1;;;3;2;;;4;1;;;2;1;;;2;1;;;;;88
2 Sep;2;5;1;;;2;17;;1;31;29;;1;;4;;1;;6;;1;2;1;4;1;;1;;1;;;;;;;111
3 Sep;4;4;1;;;2;15;;4;18;34;;27;1;4;;2;;2;;1;3;3;3;2;1;1;;;;1;;;1;;134
4 Sep;2;9;;;;1;6;;1;5;29;;7;1;;;;3;4;3;;4;;1;;;5;;;;1;;;;;82
5 Sep;2;10;;;1;1;13;;;10;27;1;8;;6;;;2;9;;;6;1;2;;1;;;1;;2;;;5;;108
6 Sep;2;7;;;;1;9;;;8;30;;7;1;1;;;1;3;1;1;2;1;1;;1;5;;1;2;;;;;;85
7 Sep;3;11;3;;;;22;;;6;31;;3;2;2;;3;1;3;1;1;4;;1;;2;2;1;;;2;;1;;;105
8 Sep;2;12;;;;1;21;;2;6;32;;8;;1;;1;2;2;;;3;1;1;;;3;1;;;;;;1;;100
9 Sep;2;14;;;;1;17;;3;10;38;;2;1;1;;;;5;2;;1;1;1;;1;3;2;;;;;1;;;106
10 Sep;2;9;;1;1;1;17;1;;18;42;;3;1;6;;1;;5;;;3;2;;;;3;1;;;2;;;1;;120
11 Sep;2;10;;;1;1;17;1;7;5;29;;3;;1;;;1;1;;;3;;1;;;;;;2;2;;;1;;88
12 Sep;;7;;;2;;18;;1;10;29;;5;1;5;1;4;;3;4;;6;1;1;;;4;;2;1;;;1;;;106
13 Sep;4;6;;;;2;5;;5;6;17;;2;1;;;;1;3;3;1;;;4;;;8;;;;3;;;2;;73
14 Sep;5;5;;;;1;27;;;8;37;;2;;3;;;;5;4;1;6;;3;;1;4;;;4;;;;2;;118
15 Sep;6;5;1;;;;32;;6;12;32;1;3;1;1;;;1;4;5;;6;;;;;5;1;;;2;;;;;124
16 Sep;11;4;1;;;;31;;1;14;35;;5;3;2;;;;4;5;2;4;2;3;;2;4;;;;2;;;;;135
17 Sep;12;6;3;;;;14;1;3;16;29;;5;;;;;3;3;2;1;8;2;;;1;9;;;1;3;;;;;122
18 Sep;3;5;1;1;;;22;;2;8;26;;7;2;2;;4;2;4;2;;10;;1;;1;3;;;1;5;;;2;;114
19 Sep;;7;1;;1;1;10;;;40;20;;3;4;2;;1;3;2;2;2;5;;2;1;1;1;;;;3;;;;;112
20 Sep;4;10;5;;;4;14;;6;9;23;;1;1;3;;1;;1;3;1;5;1;8;;1;4;;;;;;;;;105
21 Sep;2;6;7;;;2;29;;2;20;25;;6;2;2;;;3;1;1;2;2;1;3;;;6;1;1;;;;;;;124
22 Sep;6;7;16;;;;30;;11;42;25;;5;;;;;2;1;2;1;1;2;1;1;1;;1;1;;2;;;2;;160
23 Sep;3;7;7;;;1;28;;13;20;20;1;4;;3;;;;5;2;;5;1;1;1;;11;;;;4;;1;2;;140
24 Sep;;5;1;;;3;20;;12;25;27;;5;;2;;;3;1;2;1;3;1;3;1;;9;;;;2;2;;;;128
25 Sep;2;4;2;;1;;13;;13;13;22;;8;;4;1;;2;5;4;;5;1;1;;;5;;;3;;2;;2;;113
26 Sep;3;2;;;2;;12;1;18;14;18;;2;;2;;;;1;1;1;2;;4;;;6;;1;;;;;;;90
27 Sep;5;7;5;;;1;13;;1;3;16;1;3;;1;;;2;3;3;;3;2;3;;;6;;;;;;;;;78
28 Sep;12;9;2;;;;9;;3;8;20;;2;1;4;;;1;2;2;;3;3;;;;4;;;2;;;;;;87
29 Sep;7;8;1;;;2;21;2;15;12;24;1;11;;2;;;;;6;2;2;2;3;;;4;;;3;;;;;;128
30 Sep;2;4;1;;;;13;;15;5;30;;19;2;2;;;1;6;11;1;4;;4;;3;8;;;1;6;;;1;;139
1 Oct;3;3;3;;2;2;6;;15;5;30;;20;;;;;2;3;3;;5;1;;1;;7;;;;5;;;;;116
2 Oct;5;6;3;1;1;4;3;3;15;17;18;;10;;4;;;2;3;5;1;2;;;1;3;6;;;;3;;;;;116
3 Oct;3;3;2;;;1;4;;15;5;20;;2;;2;;;2;;7;;2;;4;;;5;;;1;5;;;;;83
4 Oct;6;4;5;1;;1;13;;15;3;20;;3;1;1;1;;1;2;1;;4;1;3;;;6;;;;4;;;;;96
5 Oct;5;4;3;;;;16;;15;5;22;;9;;1;;3;;1;3;1;3;1;;1;;8;;;;;;;1;;102
6 Oct;4;6;4;;;;31;;16;8;23;;3;3;3;;;;5;3;;2;;;1;;6;;;;3;;;;;121
7 Oct;2;5;1;;;;15;;13;5;25;;4;1;1;;;;2;9;1;5;1;;1;2;2;;;3;;;;;;98
8 Oct;;7;5;;;1;17;;3;10;24;;11;1;5;;1;;3;4;;7;;2;1;;3;;;;1;;1;1;;108
9 Oct;2;4;;;1;2;21;2;2;10;20;;10;;1;;;2;3;4;1;2;1;2;;1;6;;;;;;;;;97
10 Oct;2;3;3;;;;16;;1;17;10;;6;2;1;;;1;1;5;;1;;2;;2;10;;1;1;3;;;;;88
11 Oct;1;1;3;;1;1;18;2;;8;21;;5;;1;;1;;;3;;6;1;1;;;5;;;;;;;;;79
12 Oct;1;3;2;;;1;25;;9;7;22;;2;;1;;;;4;;1;5;;2;3;;2;;;1;;;;;;91
13 Oct;3;8;3;;;1;19;;;8;21;;2;1;1;;;;3;3;;7;;4;1;;4;;;1;1;1;;;;92
14 Oct;3;7;8;;;2;17;;13;10;17;;5;2;3;;6;2;6;1;1;5;1;2;;5;12;;;;1;;;;;129
15 Oct;3;1;2;;;2;20;;7;28;12;;7;;1;;1;;3;4;1;4;2;;;1;8;;;3;1;;;1;;112
16 Oct;6;1;1;;1;;24;;;9;19;;3;1;2;;;;;3;2;3;2;;;;2;;;;;;;;;79
17 Oct;1;2;7;;3;;21;;;10;13;;1;;2;;;1;;2;;5;;2;;1;8;;;1;4;;;;;84
18 Oct;7;3;5;1;1;1;17;;;3;15;1;2;;2;1;1;;4;2;1;2;2;1;1;2;4;;;1;;;;;;80
19 Oct;;3;5;;;;14;1;21;5;18;;3;;2;;1;2;2;13;2;4;;;1;2;4;;1;2;;;;;;106
20 Oct;2;2;3;;1;;22;2;20;20;20;;;;2;;;2;2;3;2;4;;;1;1;3;;;2;2;;;1;;117
21 Oct;3;2;1;;;2;21;;16;13;24;;5;;2;1;;1;3;5;2;2;;;2;1;9;;1;6;;;;1;;123
22 Oct;2;2;4;;1;;16;;23;10;13;;8;;3;;;1;1;3;2;3;2;;;2;6;;;;;;;;;102
23 Oct;4;6;4;;;;21;;10;15;12;;1;2;3;;9;1;7;7;;2;1;2;1;2;6;;;2;;;;;;118
24 Oct;6;10;2;;1;;20;;19;20;16;;2;1;3;;7;1;1;;1;;1;;2;3;9;;1;2;;;;;;128
25 Oct;1;1;8;;1;;18;;11;8;16;;3;;3;;1;2;;6;;2;2;4;;;3;;;;;;;4;;94
26 Oct;5;2;3;;;;13;;15;16;20;2;2;3;3;;2;;2;3;;7;;;;3;4;;;2;5;;;;;112
27 Oct;4;4;;;;1;11;1;14;12;21;;4;;3;;;;1;9;2;1;1;;;4;6;;2;;;;;;;101
28 Oct;6;2;1;;;1;16;1;6;10;20;4;1;;2;;1;;;4;2;2;;2;1;2;6;1;;2;5;2;;;;100
29 Oct;;2;2;;;1;14;;;9;16;1;5;;2;;3;;2;9;1;3;;10;;3;6;;;;;;;;;89
30 Oct;3;3;2;;;1;14;;4;14;18;3;1;;1;;1;1;;5;;1;1;1;;1;6;;;;;;;;;81
31 Oct;1;2;3;;1;1;19;;1;11;10;;10;;3;;;1;1;4;4;4;1;3;;2;5;;;;;;;;;87
1 Nov;;2;2;;;;19;;2;11;8;1;5;;2;;;;10;5;;2;;;;2;2;;;1;;;;;;74
2 Nov;;2;4;;3;1;18;;11;10;23;;2;2;;1;;1;5;5;1;6;1;1;2;;2;;;;;;;;;101
3 Nov;2;1;2;;2;1;10;1;5;23;19;1;4;1;1;1;2;;6;4;1;4;;;2;3;2;;;;;1;2;1;;102
4 Nov;5;1;3;;;2;15;;15;15;20;;1;2;;;;2;5;5;2;6;2;2;;4;4;;;2;;;;;;113
5 Nov;2;3;;;;2;15;;9;15;15;;1;1;1;;1;1;3;4;;4;;;1;2;2;;;1;4;;2;;;89
6 Nov;;3;7;;;1;18;;;12;17;;;3;2;1;;2;1;6;2;4;2;;2;3;7;;1;;;;;;;94
7 Nov;3;;2;;2;2;11;;;28;14;;4;1;2;;7;;2;8;2;2;;;;1;5;;1;;;1;;;;98
8 Nov;;;3;;;1;8;;1;7;15;;6;;2;;4;2;3;6;1;2;1;;;6;4;;;;2;;;;;74
9 Nov;;1;6;;;2;12;;2;10;14;;3;1;1;;2;;3;2;1;2;;1;1;6;2;;1;2;;;;;;75
10 Nov;;;;1;;;13;;5;15;20;;4;2;;;;;1;4;2;3;;1;1;;;;;;;;;;;72
11 Nov;;2;;;1;1;12;1;5;15;18;;2;;2;;;;5;;;1;;;1;;9;;;;;;;;;75
12 Nov;;1;;2;2;2;10;2;21;12;19;;4;1;1;1;6;;4;2;;2;;;;;3;;;;1;1;;;;97
13 Nov;;;;;;2;16;1;7;32;12;;1;2;2;;1;;2;;6;5;;;3;2;3;1;3;;;;3;;;104
14 Nov;;;;;1;1;12;2;2;40;25;;9;1;1;;;;4;;3;1;2;2;1;;1;;;;1;;;2;;111
15 Nov;;;;;2;1;5;;;21;15;;6;;;;1;;1;4;;;;;;4;3;;;;;;;;;63
16 Nov;;;;;;;7;;23;10;14;;2;;1;;2;;3;3;2;4;1;;2;1;8;;;1;;;;1;;85
17 Nov;1;;;;1;1;4;2;23;41;5;;;1;2;;4;;2;5;;1;;1;1;;2;;;;;;;;;97
18 Nov;23;1;;;1;2;8;;4;18;27;;3;1;2;1;;1;3;7;1;2;;;1;;2;1;;;;1;;;;110
19 Nov;;;;1;2;;14;1;9;8;16;;6;5;2;;;;5;2;3;2;;2;2;5;2;2;4;4;;;;;;97
20 Nov;;2;4;;;2;15;;2;7;25;;;1;1;;;4;2;3;;1;2;;;;5;;;;;2;;;;78
21 Nov;;;3;;;2;15;1;;15;16;;6;1;1;1;;;1;9;;3;1;5;4;;5;;3;3;;1;;;;96
22 Nov;;1;;;1;4;16;1;1;20;24;;2;3;3;2;5;;1;7;2;3;1;4;1;;5;;;1;;;2;;;110
23 Nov;;3;2;1;4;4;17;;2;10;35;;9;3;2;1;2;1;2;1;1;1;1;2;3;7;2;1;;1;;;;;;118
24 Nov;;1;7;;;6;19;1;4;13;31;;5;;2;;2;;4;;3;2;;;;4;3;1;;1;;;;;;109
25 Nov;5;3;2;;1;3;17;;6;9;34;;2;;2;;;2;;8;;3;1;2;4;4;5;;;;;;1;;;114
26 Nov;6;5;2;;1;1;14;;4;35;26;;8;2;2;1;;;3;3;2;;;;2;5;4;;;;;1;;;;127
27 Nov;1;3;4;;1;3;15;1;5;51;39;;6;4;1;1;;1;3;3;;4;5;1;2;7;8;;;;;;;;;169
28 Nov;1;1;2;1;3;4;15;;5;19;32;;3;2;1;;4;1;3;5;;5;1;;1;3;9;;1;2;;;;1;;125
29 Nov;4;1;5;;;1;19;;6;73;29;;1;2;2;;;1;1;1;3;3;3;1;1;3;6;;;2;;;;1;;169
30 Nov;;4;5;;;;19;;11;23;32;;5;;2;;;2;6;2;3;3;1;2;;3;6;;;1;;;;;;130
1 Dec;6;3;5;1;1;1;23;;13;7;31;;1;4;3;;1;1;6;9;;2;;3;;7;2;;;1;3;;2;;;136
2 Dec;1;1;1;;;1;23;;4;23;30;;1;1;3;;;1;3;8;;2;1;2;1;2;5;1;;;;1;2;;;118
3 Dec;;5;5;1;2;1;26;2;21;16;25;;3;2;3;;1;1;5;9;2;4;2;1;4;7;4;1;;;1;;2;;;156
4 Dec;6;4;5;;3;;23;;4;5;33;;5;;2;;;2;5;9;5;2;3;2;;3;2;;;;;;1;;;124
5 Dec;5;1;3;2;2;2;23;;4;10;24;1;;4;;;;;4;8;1;1;;2;;6;4;;;;;2;1;;;110
6 Dec;;2;5;;3;2;23;2;7;38;34;;2;;1;;4;1;8;6;;3;3;;1;1;3;;;;;;1;1;;151
7 Dec;;2;4;1;1;1;24;;9;8;34;1;7;5;1;;5;2;3;2;2;3;;4;;1;5;;;1;;;1;;;127
8 Dec;1;;3;;1;1;21;1;6;6;49;;3;2;2;;3;1;;9;2;1;;3;1;5;7;1;;3;;1;;;;133
9 Dec;;5;4;1;1;1;18;;16;37;38;;6;4;3;5;;1;2;3;2;1;;;1;3;6;;7;1;;;2;3;;171
10 Dec;;4;3;;2;7;18;;32;31;35;;7;;2;;;;2;1;1;3;;1;2;5;5;;;1;1;1;1;;;165
12 Dec;1;2;2;;2;1;17;1;6;25;41;;3;8;2;;;1;6;1;1;1;1;6;1;6;4;;1;;;;2;;;142
13 Dec;;2;1;1;2;2;16;1;5;48;47;;4;4;1;8;3;2;3;1;3;;;4;;4;3;;;;;;1;;;166
14 Dec;2;;1;;2;1;17;;15;16;41;;4;2;2;;2;;4;4;1;4;;3;;12;3;;;1;;;;;;137
15 Dec;2;5;3;1;;3;22;;8;23;49;1;3;4;2;2;;1;3;4;1;1;3;1;2;4;3;;1;3;;;;;;155
16 Dec;;2;1;3;;3;22;;1;24;47;;8;;;;1;;5;1;1;;;2;1;8;4;;;;;;2;1;;137
17 Dec;;2;2;;2;2;20;;11;30;39;;5;3;2;;;1;1;1;1;1;1;4;2;3;5;;;;4;;;;;142
18 Dec;;4;;1;1;2;19;1;1;18;47;;3;;2;;2;;1;2;4;1;1;2;2;1;9;;;;;;;;;124
19 Dec;;1;6;1;2;3;20;;1;24;48;;6;2;2;;;1;3;5;2;2;1;4;;5;4;2;;;;;;;;145
20 Dec;1;4;;1;2;8;19;1;1;73;60;;10;5;2;1;;;5;5;5;4;1;5;2;2;2;;;;;;2;;;221
21 Dec;;1;7;;1;7;15;;4;84;44;;5;3;3;1;;2;2;5;5;2;;7;1;;4;;;;;;2;;;205
22 Dec;;1;;1;1;9;14;;3;45;49;1;6;1;3;3;2;2;2;10;;5;3;5;1;1;1;1;;;;;1;1;;172
23 Dec;2;2;6;;2;;15;2;2;31;50;;5;2;2;1;;1;3;5;2;4;3;1;1;1;3;;;1;;1;1;2;;151
24 Dec;;3;;;;8;16;;10;53;46;;6;3;2;3;1;1;4;;2;5;;4;3;1;4;;1;;;3;;2;;181
25 Dec;;5;5;2;2;12;21;;;91;78;;10;2;2;3;;1;6;1;1;1;1;2;1;4;7;;;;;;;;;258
26 Dec;1;4;2;1;1;6;14;1;;20;58;;9;2;1;;2;1;3;2;1;;;4;1;3;8;;;;;1;1;;;147
27 Dec;;3;;1;1;3;22;;43;80;48;;3;4;;6;1;4;4;4;3;2;;3;1;4;2;;;;;1;;;;243
28 Dec;;4;3;;1;4;21;;;84;54;;6;1;1;;3;;2;;3;2;3;4;2;5;4;;6;;;1;1;;;215
29 Dec;;2;5;1;1;10;18;2;2;91;64;1;4;2;2;4;3;;1;7;4;1;11;3;;4;3;2;2;;;1;;;;251
30 Dec;;9;7;1;;11;21;1;2;79;61;;7;;3;1;;1;4;1;4;4;2;8;;6;4;;;;;;4;;;241
31 Dec;;4;;1;;;21;;11;61;65;;5;1;1;1;;2;1;2;1;;2;1;;5;3;;;;1;;2;3;;194
1 Jan;;1;1;1;;13;20;;3;38;73;;12;;1;1;;4;2;1;;2;;5;2;3;3;1;;1;1;2;;;;191
2 Jan;;5;6;;;2;26;1;1;86;59;;4;1;1;;1;2;2;1;12;2;2;2;1;;6;;2;1;;;;;;226
3 Jan;2;2;;;13;10;;2;63;50;;4;4;2;2;;;;2;;;2;6;3;3;5;;;;1;;3;;;;179
4 Jan;;7;5;3;1;2;21;1;2;38;56;;6;1;2;1;;2;;4;;1;1;2;3;7;2;1;4;;1;2;1;;;177
5 Jan;;2;2;3;;3;19;;8;53;54;1;8;1;2;;2;2;5;8;1;2;2;6;3;5;2;;1;;;1;2;;;198
6 Jan;;7;;3;2;4;16;;11;48;54;;5;;;2;;1;3;2;;3;2;4;;17;1;;;;;1;1;;;187
7 Jan;3;5;9;3;2;4;21;2;2;47;68;;7;;1;;2;;3;6;4;2;1;8;1;17;1;;;;1;4;;;;224
8 Jan;;4;1;;3;7;24;1;4;57;73;;8;2;2;;;;;4;4;4;1;7;1;15;5;1;;1;2;1;;1;;233
9 Jan;1;4;6;;1;7;27;;6;22;66;;7;1;2;1;;;4;5;1;1;2;7;4;6;7;;2;1;1;1;1;;;194
10 Jan;1;3;5;4;1;9;31;3;8;17;61;;4;4;;2;1;;1;3;2;1;;7;;3;3;;1;;1;2;3;1;;182
11 Jan;;4;4;1;2;9;31;;11;31;70;;11;2;2;1;;3;3;;7;3;1;2;6;5;2;;1;;;1;1;;;214
12 Jan;5;6;2;;4;3;34;;15;99;65;;8;1;1;2;2;2;1;8;2;1;1;2;9;13;2;2;;1;;4;7;;;302
13 Jan;2;6;6;3;;5;45;1;11;94;71;;3;2;2;1;2;;4;5;1;4;1;7;;17;5;;;1;2;1;4;;;306
14 Jan;2;2;5;2;;8;43;;11;88;69;;14;1;2;;1;;2;3;3;2;2;7;4;13;1;;;;1;3;6;;;295
15 Jan;;1;6;4;3;1;18;35;;27;32;63;;8;1;3;2;1;5;6;5;;;;8;1;5;2;;;;;;1;;238
16 Jan;1;3;4;1;1;12;32;2;42;68;54;;8;3;2;2;;;5;5;3;1;3;12;;8;5;;;;;;6;;;283
17 Jan;;1;10;1;;9;33;;11;42;57;;13;1;2;1;2;6;4;3;3;3;;2;4;9;1;;;;;1;1;;;220
18 Jan;3;4;;2;1;6;36;;28;83;78;;8;2;2;1;2;1;6;;;4;;5;3;7;6;;1;1;1;;3;1;;295
19 Jan;;6;3;1;;1;40;;24;104;89;;9;2;2;;;2;6;3;1;1;;1;1;6;4;1;;;;;;1;;308
20 Jan;1;6;;3;1;13;33;;13;70;78;;11;3;2;1;1;;3;6;2;2;;4;2;2;5;;1;;;1;3;;;267
21 Jan;;5;5;5;1;9;30;;73;101;60;;11;;2;2;2;3;6;7;2;1;1;2;2;5;5;;1;1;;4;;;;346
22 Jan;;8;10;1;1;5;41;1;8;28;71;;9;4;3;3;2;1;5;3;11;4;1;4;8;4;1;2;;;;1;10;;;250
23 Jan;;8;6;1;;8;31;;16;18;59;;11;2;3;2;;1;1;;1;1;;1;2;19;7;;;;3;2;6;2;;211
24 Jan;;3;1;2;;9;39;;8;3;56;;7;2;3;2;;;;;2;2;2;6;2;14;5;2;;;;;1;;;171
25 Jan;;10;8;;;15;43;;2;126;59;;7;2;3;;;;1;;5;4;;1;;3;2;1;1;;;;4;;;297
26 Jan;;9;2;1;1;6;46;;13;112;74;;9;;2;2;1;;5;;8;2;;9;3;9;9;;1;;;2;8;2;;336
27 Jan;;5;2;;;15;34;1;106;108;68;;7;;3;2;1;;5;3;3;3;1;4;2;3;2;;;1;1;3;3;1;;387
28 Jan;;8;3;;;9;40;;200;81;57;;6;;2;4;2;4;3;2;28;3;1;5;3;3;1;;;;2;3;5;1;;476
29 Jan;;7;;2;;3;44;1;5;23;52;;8;2;3;1;;3;2;4;4;2;1;4;1;4;2;;1;1;2;;4;1;;187
30 Jan;;5;;1;;7;30;;27;18;63;1;11;;2;5;;1;2;1;3;2;;5;6;7;2;;;;1;3;7;;;210
31 Jan;;9;10;1;1;14;42;3;62;25;51;;9;3;3;3;2;4;3;2;6;1;;1;1;5;1;;;2;;3;3;;;270
1 Feb;;6;11;1;;7;45;;5;80;59;;14;2;3;1;3;1;1;2;2;2;1;4;10;10;3;1;;;;2;1;2;;279
2 Feb;1;6;22;;;6;44;;48;58;55;;8;2;2;1;2;;3;10;9;3;3;;5;8;1;2;;;;1;2;2;;304
3 Feb;;6;;1;;4;44;2;10;7;58;;13;1;3;5;;4;3;3;2;5;;5;2;7;1;1;1;;;;1;;;189
4 Feb;;9;;;1;6;40;1;10;80;39;;4;2;3;1;;;;2;6;3;;3;5;6;5;1;;;;;3;1;;231
5 Feb;;8;2;1;;2;45;;28;13;52;;11;3;3;1;;2;3;1;2;4;;3;1;11;3;1;;;;;1;;;201
6 Feb;;12;8;1;;4;44;1;4;9;46;0;23;1;4;;1;2;8;1;1;2;;3;2;3;3;;;;;1;5;2;;191
7 Feb;;9;1;1;;3;44;;2;15;38;1;11;1;3;2;;;2;1;8;;;10;1;2;3;;1;;;2;2;;;163
8 Feb;1;10;8;3;3;13;43;;12;6;52;;;2;3;2;2;2;2;;16;3;;6;1;9;1;1;1;;;1;4;;;207
9 Feb;;7;2;1;;4;50;;17;48;43;1;9;;3;5;2;2;1;;2;2;4;1;;4;3;1;;;;;1;;;213
10 Feb;;10;;;;7;43;;16;5;39;;23;1;;;;1;2;2;5;4;1;;4;8;3;1;2;;2;;12;;;191
11 Feb;;12;;3;;3;51;;18;13;61;;9;2;3;3;;;2;5;2;2;1;1;6;6;3;1;;1;;1;5;;;214
12 Feb;;8;;1;;8;50;1;5;21;120;;13;;3;3;;1;5;3;1;4;1;5;1;9;3;;;;1;1;6;1;;275
13 Feb;2;14;;1;;7;53;;2;109;45;;10;2;3;1;;;1;;1;;;11;5;5;2;;2;;;1;3;;;280
14 Feb;;8;1;0;0;8;43;0;4;68;50;0;17;0;4;0;0;1;2;0;2;4;2;13;3;1;1;0;0;7;0;2;6;;;247
15 Feb;;9;;;;5;55;;5;26;51;;7;3;4;3;;;1;4;;5;;;2;1;2;;;;;;;1;;184
16 Feb;;9;2;2;1;4;49;;14;66;55;;3;;3;2;;;1;2;;3;;4;;1;4;;;;;1;3;;;229
17 Feb;;12;;2;;10;47;1;3;43;34;;9;;4;;1;;4;1;;5;;6;3;;3;;;;;1;3;;;192
18 Feb;;8;1;1;;10;32;2;9;23;53;;11;7;2;1;;;5;;;4;1;;2;1;2;1;;1;;;2;2;;181
19 Feb;;13;;1;;5;6;;25;31;43;;15;;1;2;2;;2;2;;5;;4;5;9;3;;1;;;2;6;;;183
20 Feb;;7;2;1;;3;40;;5;18;36;1;18;1;2;;1;;1;2;;2;;6;;1;6;;1;2;1;2;4;1;;164
21 Feb;;8;2;1;1;8;55;1;4;12;34;;12;;4;;4;;7;;;3;;;3;5;1;;;;3;1;3;1;;173
22 Feb;;6;;;;7;40;;16;41;45;;14;2;3;2;;;4;;2;5;;2;1;7;2;;;;;;3;;;202
23 Feb;;10;1;1;;10;45;;23;142;45;;7;2;4;4;;1;5;1;;6;1;;2;2;3;1;;2;;;3;2;;323
24 Feb;;7;;2;;6;51;;7;75;40;;14;2;3;;1;;2;;;1;;3;1;3;2;;;;;;20;;;240
25 Feb;1;7;;1;;3;40;1;73;64;34;;9;1;3;3;;1;1;1;1;4;1;3;1;2;2;;;1;;2;2;2;;264
26 Feb;;9;2;1;;4;43;;7;130;32;;7;1;2;1;;;1;;1;5;;4;4;4;4;;;;;1;4;1;;268
27 Feb;1;6;1;1;;9;44;;5;66;24;;7;2;4;;;;1;;;3;;3;3;1;4;1;;;;;7;2;;195
28 Feb;;3;;;;4;42;;51;14;29;;5;2;2;2;1;3;6;1;;5;1;;2;7;2;;;1;;1;1;;;185
1 Mar;;8;1;1;;4;45;1;4;14;30;;10;4;4;;1;1;4;3;3;1;;3;;6;2;;;;2;1;5;1;;159
2 Mar;;8;;;;4;43;1;49;7;32;;12;2;1;1;;;;3;;3;3;10;1;8;1;;;;1;;3;;;193
3 Mar;3;8;;;;7;41;;49;22;33;;7;1;3;1;;;3;1;;4;;7;1;6;3;;;;;1;2;;;203
4 Mar;;17;;;;5;43;;45;13;26;;5;;4;;;1;1;1;;2;1;2;1;2;4;;;;;1;2;;;176
5 Mar;;6;;;;;45;1;7;11;19;;7;1;4;2;;1;1;1;1;4;2;7;1;4;1;;;;;;3;;;129
6 Mar;;5;13;1;;5;44;;1;1;20;;4;2;4;;;1;1;1;2;3;;4;;;4;;;;1;2;8;1;;128
7 Mar;;2;1;3;2;4;45;1;2;1;18;;9;2;2;2;;;5;;;2;;1;1;;3;;;;2;1;2;1;;112
8 Mar;;5;;1;1;6;48;;72;80;31;;6;4;4;1;1;1;1;1;;3;1;3;;2;2;1;1;1;;;4;;;281
9 Mar;;7;1;1;;2;45;1;50;44;30;;6;;4;;;;3;3;;6;;1;0;0;3;;;;1;;2;;;210
10 Mar;;7;6;;;6;45;;24;27;28;;9;;2;;;;8;1;;;;2;2;3;2;;;;1;;2;;;175
11 Mar;;4;;1;;1;25;;6;12;22;;9;;2;2;;;5;;;2;;2;;5;1;1;;;14;;2;1;;117
12 Mar;1;12;3;4;;;30;;43;25;23;;9;;3;;;1;;4;;4;;5;1;8;4;;;;;;;;;180
13 Mar;;5;;1;;3;30;1;2;4;22;;2;;4;;1;;3;3;;2;1;3;;2;3;;;;;1;7;;;100
14 Mar;;;6;;;4;36;;6;1;20;;6;;4;1;;;1;2;;3;;;;2;4;;1;;;;;;;97
15 Mar;;8;30;2;;3;16;;20;11;24;;4;;4;;1;1;2;;;5;;3;2;6;1;2;1;;;;1;;;147
16 Mar;;8;3;1;1;6;25;;35;30;28;;9;;4;3;;;4;3;;2;1;1;2;4;3;1;1;1;;;3;1;;180
17 Mar;;8;14;;;1;17;;36;29;26;;2;;4;1;1;;1;1;1;5;;2;1;2;1;;1;1;;;6;1;;162
18 Mar;;8;8;4;1;6;23;;44;65;29;;11;;4;1;1;;2;;;1;;5;1;8;1;;;1;;;3;;;227
19 Mar;;9;3;1;;3;21;1;34;51;40;;5;;4;1;;;1;2;;2;;1;1;2;7;1;;;1;;6;;;197
20 Mar;;6;11;1;;5;22;;7;2;26;;2;1;3;;;2;2;1;;3;;2;2;6;3;;;1;;;;;;108
21 Mar;;3;1;3;;4;11;;21;4;24;;8;;3;;;;1;2;;3;1;;3;7;;;;;2;;1;1;;103
22 Mar;;4;3;3;;4;20;;48;16;27;;6;7;3;;1;1;1;;;2;;1;2;6;4;;;;;;2;;;161
23 Mar;1;12;11;1;;3;11;;41;18;28;;2;;3;2;;;3;2;;;;2;4;2;3;;;;;;5;;;154
24 Mar;2;11;;;1;4;11;;7;23;21;;6;4;3;;1;;3;;;1;;;6;3;5;;;1;;2;1;2;;118
25 Mar;3;6;1;2;;1;12;;12;13;22;;9;;3;1;;;1;;;;;2;1;1;7;1;;;;;;;;98
26 Mar;;6;9;;1;8;11;3;1;2;25;;6;;3;1;2;;2;;;1;;;2;1;;;;;;;1;;;85
27 Mar;2;5;;3;;11;18;1;102;6;19;;3;;4;2;;3;2;3;;3;1;;;4;3;;;;;;2;1;;198
28 Mar;;5;;2;;6;23;;7;;18;;4;;4;;;;4;1;;2;;1;;5;1;;;;;;2;;;85
29 Mar;1;7;;2;;6;22;1;6;39;26;;3;;4;1;;2;3;;;1;;;;1;5;;;;1;;1;;;132
30 Mar;;9;50;3;1;5;4;;8;19;33;;9;4;4;;;4;2;1;;2;;;;5;2;;;;1;;6;1;;173
31 Mar;;6;;3;;4;13;;6;11;35;;2;1;4;1;;;1;;;3;;;;2;5;;;1;;1;5;;;104
1 Apr;;9;15;2;2;5;5;;75;14;25;;11;1;4;2;;;6;3;;2;;;3;2;6;;;1;1;;1;1;;196
2 Apr;;6;10;;;3;9;1;5;10;27;;4;;4;;1;;5;2;1;1;;;;4;4;;;;;;;;;97
3 Apr;;5;15;1;;7;5;;5;;18;;10;3;5;1;;;;1;1;3;;;2;5;4;;;;;;;;;91
4 Apr;;4;338;2;;2;5;;4;28;22;;6;1;;;;1;2;1;;1;;;;2;6;;;1;;;;1;;427
5 Apr;1;6;;2;;1;5;;5;56;30;;6;2;4;1;;2;4;3;;;;3;1;2;8;;2;;1;;;1;;146
6 Apr;1;10;;2;;7;10;;69;3;30;;4;;4;1;;1;;4;;5;1;;1;;5;;;2;;1;;1;;162
7 Apr;;2;;1;;1;11;;2;2;35;;6;2;3;1;1;;6;2;;1;;;2;1;4;;;3;;;1;;;87
8 Apr;1;10;;;1;5;10;;13;39;27;;17;1;6;;2;1;3;8;1;2;;;2;2;6;;;1;2;;3;;;163
9 Apr;1;11;4;2;;6;10;;22;26;14;;1;2;6;1;1;;3;2;;1;;2;1;;4;;;;;;1;;;121
10 Apr;3;6;2;2;;7;7;;7;;28;;5;5;4;;1;;6;5;;2;;1;1;2;1;;;;;;;;;95
11 Apr;;1;1;2;2;6;7;1;5;23;22;;7;;;;;;;1;;2;;;1;;5;;;;1;;;;;87
12 Apr;2;7;2;2;;3;7;;25;15;34;;7;1;4;;2;;3;2;;3;;;;;6;;;;;1;;;;126
13 Apr;;7;1;;;7;6;;23;15;32;;1;;4;1;1;1;6;4;;2;;;1;;7;;3;1;;;;3;;126
14 Apr;;3;1;;1;5;7;;17;21;21;1;3;14;1;;;;4;3;;3;;;;3;11;;;;;;1;3;;123
15 Apr;1;5;1;2;1;5;6;;42;36;26;;5;1;6;;;;5;5;;1;;;1;2;10;;;;;;5;1;;167
16 Apr;;6;3;2;;6;18;;5;28;22;1;1;;6;1;2;1;1;4;;3;;2;4;;6;;;;;2;;;;124
17 Apr;1;8;9;2;2;9;18;2;9;2;26;2;4;6;3;;;4;7;7;;1;;;1;;6;;;;;;2;1;;132
18 Apr;1;10;;1;;6;13;;9;8;16;3;3;2;2;;;;2;3;;1;;;2;4;8;;;1;;;1;;;96
19 Apr;1;8;1;3;1;6;14;2;8;16;30;;7;1;4;1;1;;15;3;;3;;1;;6;9;;;1;;;;1;;143
20 Apr;6;8;1;3;1;4;14;1;15;70;34;2;4;1;4;4;;;7;6;;2;2;;1;3;14;;;;;;2;1;;210
21 Apr;2;8;2;;;9;12;;44;83;28;;2;2;5;;2;;7;8;;1;1;3;3;2;4;;1;;;;;1;;230
22 Apr;2;9;1;2;;8;11;2;28;37;24;;3;1;5;;1;1;7;1;;1;;5;2;1;12;;;;;;1;;;165
23 Apr;2;10;2;1;2;5;18;;23;45;24;;3;;2;;;;12;3;1;5;;3;;2;11;;;;;;;;;174
24 Apr;5;3;;2;;4;12;;23;54;18;;2;3;5;;2;;3;6;;;;1;;1;9;;;;;;1;;;154
25 Apr;2;5;2;1;3;5;14;1;7;;18;1;9;;2;;1;;6;2;;4;;;1;;8;;;2;;;;;;94
26 Apr;3;6;1;4;;2;14;2;16;53;23;;4;1;5;;4;;9;5;1;1;;;1;7;14;;;;;1;;;;177
27 Apr;;10;;5;1;5;17;2;17;41;24;;5;1;5;;2;1;7;5;;2;;;;3;11;;;1;;;3;;;168
28 Apr;4;10;;5;;5;14;3;14;57;23;;5;2;1;;2;1;6;4;;2;;;2;2;11;;1;3;;;;;;177
29 Apr;3;6;;2;;2;23;3;25;74;25;1;4;4;3;;1;9;9;6;;1;;1;1;2;10;;;;;;3;;;218
30 Apr;1;3;10;3;;1;4;;29;75;22;;2;2;;;;;3;2;;1;;3;4;1;14;;;2;;;5;;;187
1 May;2;11;;2;;4;15;4;5;20;19;1;1;1;5;;1;;6;8;;4;1;;2;;15;;;;;;;4;;131
2 May;7;6;2;4;1;5;10;2;7;18;27;1;5;3;4;;;1;8;6;3;2;1;;1;;16;;;;;1;2;1;;144
3 May;1;8;;1;;5;20;1;16;31;20;;5;;;;;2;9;5;1;1;1;;2;1;18;;;2;;;1;2;;153
4 May;5;9;4;2;1;11;18;4;24;27;31;4;4;;6;;3;6;13;5;;;;;1;3;7;;;;;;;;;188
5 May;6;7;3;1;1;6;12;3;25;60;27;5;5;;2;2;;12;7;5;;2;;;3;1;15;;;;;;2;;;212
6 May;1;9;1;1;;5;21;2;6;13;25;;3;;2;;11;;5;10;;4;2;;;3;20;;;;;;3;;;147
7 May;4;8;;1;;11;20;2;35;12;22;;7;;1;;;1;7;7;;1;;;;4;17;;;;;;6;1;;167
8 May;4;8;4;6;;10;26;3;4;54;19;2;3;2;3;;;;10;3;1;3;;;1;2;7;;;;;;4;;;179
9 May;6;5;;3;;10;16;2;8;40;17;2;2;;3;;;;7;11;1;2;;;;6;26;;;;;;2;1;;170
10 May;5;7;4;;;5;22;1;16;76;21;;2;4;2;;;2;6;11;;4;;;3;1;14;;;;;;;;;206
11 May;2;11;1;1;;5;20;1;18;80;31;2;2;9;2;;2;2;8;3;;2;;;1;18;24;;1;;;;1;;;247
12 May;3;3;;2;;8;13;;22;24;22;2;1;1;2;;;;4;9;11;3;1;;1;5;12;;1;;;1;1;;;152
13 May;1;5;;2;;4;15;;10;1;11;2;2;;2;;12;;5;;1;1;;;;5;14;;;;;;6;;;99
14 May;3;3;;;;13;16;2;2;24;15;1;1;;1;;;;5;;1;2;;;;1;16;;;;;;1;;;107
15 May;2;3;;2;1;5;15;1;9;35;25;1;2;7;1;;1;;7;;10;3;;;1;;12;;1;;;;;;;144
16 May;2;6;2;3;;5;18;1;6;16;16;2;2;1;3;;12;;7;6;4;4;;;1;2;6;;;1;;;;;;126
17 May;5;4;2;1;;8;25;1;26;44;25;2;4;6;4;;1;;8;10;;2;;1;2;5;21;;;1;;;4;;;212
18 May;4;5;2;2;;3;15;1;39;16;21;2;3;4;5;;2;1;8;7;;2;1;;2;5;18;;;3;;;1;;;172
19 May;9;9;1;2;;10;19;;8;54;32;2;2;;4;;;1;11;5;;1;1;;;2;17;;;1;;;1;;;192
20 May;3;4;1;2;;10;20;7;14;69;21;2;1;;3;;;1;12;7;2;1;;;3;23;11;;;;;;1;;;218
21 May;9;1;2;1;;10;16;5;16;43;16;2;5;3;2;;9;5;7;10;;4;;1;;;17;;;2;;;;;;186
22 May;6;4;4;1;0;6;12;3;15;31;16;2;;;;;;;6;8;1;6;;3;1;;6;;;1;;;;;;132
23 May;6;2;2;;;6;12;;6;22;16;1;1;;3;1;;;11;9;;3;;1;;6;12;;;1;;;2;;;123
24 May;8;1;1;;1;7;10;3;19;14;20;;1;1;1;;1;;6;1;;2;;1;1;1;24;;;2;;;1;;;127
25 May;9;5;2;5;1;10;14;2;13;28;22;2;6;2;2;1;2;;11;8;;4;;;;3;19;;1;;;;;;;172
26 May;4;4;;2;;6;11;;10;24;20;2;2;1;2;;3;5;8;3;;3;;;2;2;27;;;2;;;1;;;144
27 May;7;3;2;2;;7;18;3;15;5;24;2;1;3;2;;;1;5;4;7;2;;2;;5;14;;1;1;;;;;;136
28 May;8;8;2;7;;4;19;2;18;45;19;1;3;1;2;;8;1;2;11;;3;;1;1;4;19;;;2;;;2;;;193
29 May;7;3;3;2;;9;12;7;7;20;19;2;1;2;3;1;8;1;12;10;;5;;;4;1;19;1;;1;;;;2;;162
30 May;3;2;;;1;12;13;2;10;9;17;3;3;2;1;;7;10;7;15;;1;;1;;1;21;;;;;;1;;;142
31 May;15;2;2;;2;7;19;4;24;22;29;;2;1;1;;;7;7;2;;6;;;;2;18;;;;;;2;;;174
1 June;1;1;1;1;;9;12;2;10;23;22;2;;;2;;22;4;7;9;;1;;;;3;13;;;;;;;;;145
2 June;2;1;;4;1;4;20;;22;42;28;2;5;1;3;;8;7;8;1;;;;;4;3;16;;;2;;1;;;;185
3 June;7;1;3;;;7;21;0;26;28;25;3;1;7;3;;13;4;6;6;;;;1;2;9;13;;;;;;1;;;187
4 Jun;9;3;3;3;1;5;20;5;24;53;22;3;1;2;3;;;4;8;3;;5;;1;;2;17;;1;;;;3;;;201
5 Jun;3;;2;3;;6;22;2;16;18;26;2;;1;3;;2;4;5;8;;7;;;;2;18;;1;;;;2;;;153
6 Jun;2;1;;3;;5;20;2;15;40;20;2;6;2;4;;2;4;12;4;;3;;;2;1;9;;1;;;;3;;;163
7 Jun;8;;;4;;6;20;2;22;28;27;;7;1;2;;;5;11;14;1;;;1;1;7;22;;;;;;2;;;191
8 Jun;5;5;4;2;;7;20;;26;33;34;3;3;;2;1;1;2;;9;;3;;;2;7;13;;;;;;7;;;189
9 Jun;15;;1;5;;7;14;3;10;15;33;3;1;2;3;;17;;7;7;;5;;2;2;1;14;;;;1;;1;1;;170
10 Jun;8;1;4;4;;9;25;1;19;58;32;;3;;1;;;3;9;6;;4;;2;;6;11;;1;;2;;2;;;211
11 Jun;7;2;2;2;3;9;21;;14;37;35;2;5;2;;;4;;11;10;;6;;1;;4;12;;;1;2;;1;;;193
12 Jun;14;3;3;1;2;10;19;1;12;37;28;;1;1;;;1;1;7;3;;3;;1;2;1;7;;;;;;3;3;;164
13 Jun;6;3;4;;1;8;19;2;9;9;29;;1;;3;;;;10;8;;13;2;;1;4;13;;;;;;2;2;;149
14 Jun;6;2;3;2;;5;39;5;16;55;30;;10;1;3;;9;;11;7;;9;;4;;4;9;;1;;;;4;2;;237
15 Jun;8;2;1;2;1;17;20;4;11;16;41;3;2;;1;1;;1;6;9;;5;;1;1;3;5;;2;;1;;;;;164
16 Jun;9;;3;2;;15;34;2;15;18;46;3;1;1;1;;1;;7;4;;6;;1;;12;14;;1;;;;;;;196
17 Jun;4;1;6;3;1;18;50;2;17;52;53;3;2;;1;;23;;4;6;;9;1;;;4;15;;1;1;;;;;;277
18 Jun;2;3;1;3;2;12;66;2;49;51;39;2;4;;;1;;;4;7;1;7;1;;1;21;8;2;;1;;;;;;290
19 Jun;7;2;7;2;1;10;59;3;15;34;38;14;2;1;1;;;;5;5;;6;1;;1;22;9;;2;1;;;;;;248
20 Jun;3;2;4;1;4;15;69;5;62;86;51;15;3;2;1;;2;1;5;5;1;1;1;;;20;12;;;;;;;;;371
21 Jun;12;1;6;3;2;12;74;8;28;38;50;14;;;1;1;;;6;4;;3;;2;3;18;7;;;;;;1;;;294
22 Jun;10;3;5;2;2;15;59;2;69;71;41;16;5;;;;2;;3;7;1;10;;1;;4;7;;;;;;;;;335
23 Jun;6;4;9;1;;17;47;3;38;45;51;15;5;;1;;25;1;6;7;;6;1;;1;3;10;1;;;;;4;;;307
24 Jun;6;2;4;;2;11;50;1;82;78;51;15;4;1;3;1;2;;8;4;;7;1;1;1;4;11;1;;;;;;;;351
24 Jun;6;2;4;;2;11;50;1;82;78;51;15;4;1;3;1;2;;8;4;;7;1;1;1;4;11;1;;;;;;;;351
25 Jun;6;2;5;2;2;16;69;5;84;103;52;15;4;11;1;;2;;11;4;1;1;2;2;4;1;11;;4;2;;;;;;422
26 Jun;6;3;4;2;4;22;51;1;74;52;50;15;5;;3;;17;12;8;4;1;3;2;2;1;1;10;1;1;2;;;;1;;358
27 Jun;4;4;19;;1;19;51;1;93;69;64;15;9;2;3;;15;;5;8;;5;;5;1;2;6;2;1;2;;;3;;;409
28 Jun;14;5;7;1;;32;80;6;73;56;66;4;8;2;1;;15;;10;10;1;3;1;2;3;11;10;;1;1;;;;;;423
29 Jun;10;1;9;;4;18;80;3;112;66;78;6;13;;1;;18;;11;7;2;2;2;2;1;1;14;;1;;;;;1;;463
30 Jun;11;;17;;;30;71;5;90;73;94;;11;1;;4;4;;5;8;1;5;3;8;4;11;8;;;1;;1;1;;;467
1 Jul;3;9;2;3;4;37;46;4;65;180;74;5;11;2;1;3;6;;15;6;;4;2;1;1;3;11;1;;2;;;3;;;504
2 Jul;8;8;5;5;7;24;30;5;37;220;82;25;9;;4;;15;;13;7;;3;;4;3;3;10;1;3;2;;;3;3;;539
3 Jul;6;4;7;1;4;36;40;7;38;188;80;25;15;2;1;3;8;;5;7;1;2;2;;;;8;;2;;;;1;;;493
4 Jul;1;4;17;1;4;38;76;3;66;138;89;25;16;;2;;22;;15;8;;5;2;3;2;3;6;4;;;;1;4;;;555
5 Jul;7;7;3;4;3;32;120;2;39;129;100;25;18;1;3;;12;1;9;11;;4;2;2;;4;11;;2;;;1;6;;;558
6 Jul;2;5;6;4;1;52;137;2;48;232;122;25;19;1;3;;4;1;15;9;2;9;4;;3;6;3;4;3;1;;1;4;;;728
7 Jul;7;8;13;9;2;32;142;4;67;480;155;10;23;1;4;1;12;;20;3;2;1;2;8;2;2;16;1;6;1;;1;4;1;;1040
8 Jul;7;7;5;6;1;38;130;3;136;229;165;7;26;3;4;1;5;1;23;10;1;5;2;10;3;1;8;2;4;3;;1;5;;;852
9 Jul;13;6;4;6;3;44;138;1;160;202;168;6;18;0;4;1;11;;12;10;9;5;1;7;6;7;16;1;3;4;;;4;1;;871
10 Jul;2;7;8;6;4;37;90;5;164;162;180;6;26;3;5;3;28;;5;5;3;6;5;8;2;19;20;6;6;2;;2;;1;;826
11 Jul;2;9;9;8;;50;54;4;269;152;279;16;53;3;6;4;3;1;18;18;3;4;7;4;4;4;15;3;2;;;1;2;;;1007
12 Jul;6;14;8;5;;47;123;3;175;191;171;3;22;1;6;5;15;2;10;10;3;9;2;6;9;7;17;8;3;7;;1;2;;;891
13 Jul;7;22;2;12;;39;80;1;144;169;179;13;51;7;6;2;17;3;10;11;2;10;;4;4;40;11;1;;8;;1;4;4;;864
14 Jul;8;21;21;13;5;65;63;1;142;237;234;10;43;2;3;7;25;10;10;3;2;12;4;6;6;;16;5;7;3;;3;3;1;;991
15 Jul;9;14;10;9;;54;141;3;126;239;211;0;49;0;5;1;18;6;11;7;3;15;3;5;7;1;23;5;;3;;;4;;;982
16 Jul;6;21;19;11;2;65;132;3;137;255;345;5;58;1;6;3;13;4;15;8;8;9;3;12;4;19;19;;1;7;;1;10;3;;1205
17 Jul;13;23;12;15;;85;67;3;84;247;283;12;38;1;6;6;37;7;38;26;5;12;2;11;7;3;21;3;;3;;;17;;;1087
18 Jul;8;20;9;10;1;48;158;6;91;179;328;12;51;11;6;3;31;2;15;0;6;14;6;17;7;11;28;6;0;3;3;1;2;0;;1093
19 Jul;3;25;5;12;2;56;250;6;82;278;359;8;77;8;6;6;17;2;32;;2;8;3;17;5;11;27;5;11;3;;3;9;;;1338
20 Jul;;23;10;17;;70;268;5;70;303;268;13;87;1;6;10;23;5;4;6;5;19;1;19;9;2;24;1;;2;;3;6;;;1280
21 Jul;4;23;29;18;3;87;95;2;119;386;402;14;60;11;7;4;13;4;12;9;3;4;3;16;4;15;24;5;1;;;1;5;;;1383
22 Jul;1;33;20;9;3;88;194;7;141;402;270;10;75;8;8;7;17;5;20;3;3;3;7;12;14;28;27;;9;5;1;3;9;7;;1449
23 Jul;3;32;25;18;5;97;157;7;156;446;349;14;63;12;10;6;27;;27;13;2;3;5;19;5;11;21;7;7;3;1;2;12;1;;1566
24 Jul;3;25;15;20;6;87;151;9;115;338;356;9;71;25;10;11;21;;32;12;6;2;8;7;10;5;34;;;2;4;2;18;1;;1415
25 Jul;5;27;15;11;3;59;157;8;123;264;318;9;73;2;12;3;14;0;22;3;7;20;1;19;10;6;37;11;0;13;0;0;13;1;;1266
26 Jul;5;26;10;15;3;77;160;6;226;270;371;11;72;2;17;9;45;2;20;16;10;9;12;6;11;16;32;7;0;7;2;4;8;;;1487
27 Jul;8;33;35;16;1;104;184;14;309;417;354;14;60;14;20;14;11;5;13;17;10;17;4;17;23;255;35;4;7;3;0;2;44;5;;2069
28 Jul;5;44;40;18;1;67;69;2;205;398;401;7;87;36;20;13;36;4;36;20;11;23;9;35;15;182;23;2;0;0;2;1;11;1;;1824
29 Jul;10;20;28;19;1;58;27;19;210;679;337;8;85;11;20;5;30;3;70;21;5;13;7;27;16;92;25;10;0;5;12;3;15;2;;1893
30 Jul;10;37;56;17;0;93;43;12;88;449;381;15;69;101;26;6;45;3;11;8;13;14;5;29;25;90;43;3;3;6;25;5;28;;;1759
31 Jul;8;34;81;18;1;76;251;7;179;316;328;17;74;46;48;11;36;2;49;21;20;11;7;21;22;40;50;4;1;1;1;4;10;13;;1808
1 Aug;6;33;72;25;1;58;71;7;189;345;330;10;78;12;25;10;23;3;44;19;20;31;8;28;26;75;33;2;0;2;7;3;5;3;;1604
2 Aug;2;47;90;26;0;46;154;7;127;333;352;10;51;5;20;14;9;2;36;12;8;21;7;17;17;75;50;0;3;3;0;4;20;0;;1568
3 Aug;14;38;85;25;2;85;70;8;139;406;319;10;57;19;35;8;37;4;25;16;13;14;8;17;16;53;36;3;4;2;4;4;16;6;;1598
4 Aug;10;37;80;17;0;44;63;25;142;520;339;13;85;13;15;22;0;5;41;16;4;35;6;35;20;89;46;1;0;1;1;2;15;5;;1747
5 Aug;18;25;17;28;2;59;126;8;173;466;311;11;100;7;45;15;44;0;44;33;6;15;6;25;27;68;35;2;0;0;1;3;11;8;;1739
6 Aug;8;46;16;25;9;72;53;21;107;440;380;10;87;4;23;8;0;4;63;25;9;24;6;25;37;48;56;0;0;1;4;2;18;4;;1635
7 Aug;13;39;14;21;3;83;68;7;79;399;322;10;86;9;46;15;0;5;48;17;5;23;7;21;23;93;50;5;1;4;10;1;53;8;;1588
8 Aug;11;25;25;30;1;51;20;3;58;351;304;10;90;66;19;8;62;4;31;25;17;35;6;28;32;106;27;0;0;0;10;5;24;14;;1498
9 Aug;20;40;31;21;7;59;14;9;120;404;305;9;72;18;24;23;18;3;35;13;8;28;4;30;25;62;53;2;0;2;2;6;7;1;;1475
10 Aug;7;36;15;26;11;62;40;9;491;490;329;10;79;70;26;24;17;4;27;25;5;46;7;26;30;13;57;0;0;3;9;4;36;14;;2048
11 Aug;5;27;29;25;7;52;42;5;120;350;431;8;64;12;24;10;21;2;31;22;9;37;6;28;32;54;55;5;0;4;9;6;31;16;;1579
12 Aug;30;35;24;20;3;30;42;9;90;386;305;8;64;17;32;12;45;7;23;18;15;33;1;28;26;98;35;1;1;4;3;2;15;4;;1466
13 Aug;9;51;17;24;8;65;68;7;70;464;262;6;70;19;4;11;7;8;20;16;5;40;4;28;30;45;29;4;2;0;5;6;18;10;;1432
14 Aug;16;36;17;15;0;42;29;13;43;375;274;10;66;12;44;13;17;6;31;26;16;17;6;16;34;25;31;0;1;3;2;6;21;7;;1270
15 Aug;10;43;25;9;4;81;17;8;46;309;230;11;63;15;41;22;4;7;24;16;7;40;4;26;31;55;52;2;0;4;0;2;8;6;;1222
16 Aug;27;48;20;15;5;36;28;8;65;368;236;9;71;10;25;12;0;5;25;26;14;33;2;19;34;28;42;0;2;1;2;3;18;8;;1245
17 Aug;12;48;13;10;2;44;24;6;90;304;257;15;52;8;40;11;17;5;29;8;0;11;3;30;21;36;33;7;0;4;16;2;15;7;;1180
18 Aug;10;66;15;18;0;33;13;6;48;278;235;15;72;8;39;9;24;7;26;11;7;48;4;16;27;39;30;0;0;3;1;8;8;4;;1128
19 Aug;12;62;17;12;2;57;34;10;239;388;223;16;71;5;29;6;22;6;17;15;11;34;8;26;23;90;28;7;2;2;1;3;10;4;;1492
20 Aug;18;73;4;16;22;47;11;4;268;363;203;16;45;6;19;9;16;8;24;17;2;21;5;21;17;35;30;0;0;0;0;4;10;14;;1348
21 Aug;29;57;6;13;17;29;13;9;343;311;213;12;37;5;27;5;14;4;16;11;5;39;1;21;29;15;43;4;3;4;0;9;8;9;;1361
22 Aug;24;52;2;14;0;39;28;8;59;317;203;12;26;5;28;9;7;4;21;4;4;19;2;19;21;51;29;3;0;2;0;3;9;6;;1030
23 Aug;22;66;10;19;5;39;20;13;37;98;189;12;29;16;13;10;7;11;22;19;7;22;3;20;15;58;30;5;0;1;0;6;14;4;;842
24 Aug;12;44;9;15;3;39;10;4;314;114;185;12;36;9;14;12;6;9;23;11;3;35;2;11;15;36;25;0;4;1;1;11;11;2;;1038
25 Aug;19;45;8;22;5;39;9;12;270;102;206;7;39;3;49;6;11;8;19;14;2;28;4;32;20;16;31;1;0;2;0;6;2;4;;1041
26 Aug;17;51;7;14;1;15;10;7;235;76;161;13;36;5;24;1;6;1;21;11;14;51;3;12;24;30;30;3;0;2;0;3;1;4;;889
27 Aug;16;45;6;16;25;21;9;8;25;47;161;16;30;9;24;8;8;4;19;6;5;21;1;11;10;7;20;1;1;1;2;2;10;4;;599
28 Aug;23;34;5;12;1;31;10;11;29;54;167;2;18;15;18;4;8;3;7;13;5;29;1;25;15;5;33;0;0;1;1;0;7;4;;591
29 Aug;19;44;3;15;2;22;6;13;12;39;145;3;25;5;8;6;9;2;22;11;11;36;0;9;17;27;24;0;0;1;1;3;11;0;;551
30 Aug;19;50;7;10;7;35;5;5;50;42;132;3;19;3;6;7;6;6;9;7;5;19;1;10;15;39;18;2;0;2;0;3;18;8;;568
31 Aug;26;14;4;11;0;33;29;5;37;31;132;3;8;3;16;9;11;9;9;6;5;24;2;20;6;23;30;0;0;0;0;6;14;6;;532
1 Sep;17;20;4;7;1;26;12;7;53;162;140;3;29;3;15;5;8;5;18;7;10;5;1;10;16;24;23;0;2;1;0;4;10;5;;653
2 Sep;13;25;3;3;0;30;9;4;43;206;121;4;13;14;15;8;7;3;14;15;4;32;0;28;15;13;18;1;1;0;1;2;13;2;;680
3 Sep;24;18;3;10;2;18;11;2;96;121;85;5;21;2;13;4;4;2;8;8;2;22;4;11;18;23;26;0;0;0;1;1;6;3;;574
4 Sep;14;27;1;9;1;25;10;2;125;73;92;4;24;2;17;1;12;4;7;4;4;5;8;2;13;8;30;0;0;0;2;3;5;5;;539
5 Sep;15;18;1;8;5;21;11;3;9;89;70;3;22;4;12;5;5;2;7;1;4;6;2;22;9;6;21;1;0;0;0;4;3;3;;392
6 Sep;10;17;3;6;0;15;16;2;180;71;81;4;14;6;14;5;5;6;7;10;4;35;5;12;9;34;29;0;0;0;0;5;3;4;;612
7 Sep;30;21;1;12;3;12;13;6;252;116;79;1;13;6;6;0;3;4;8;4;5;40;4;7;6;2;18;1;1;0;0;2;7;0;;683
8 Sep;30;20;4;8;1;9;14;6;187;145;63;6;13;2;4;7;4;3;9;6;0;37;3;5;10;3;13;0;1;0;6;0;6;1;;626
9 Sep;11;16;3;10;0;18;13;3;13;78;45;7;16;5;7;0;1;5;4;3;6;6;0;7;8;20;22;0;1;0;0;2;4;0;;334
10 Sep;21;13;1;8;3;13;12;3;8;47;49;4;10;0;21;13;3;1;4;9;8;3;1;7;12;15;12;0;0;0;11;0;3;0;;315
11 Sep;25;16;2;9;1;13;20;2;7;31;39;7;18;2;9;2;2;3;5;7;1;13;0;3;8;9;10;0;1;1;1;0;2;1;;270
12 Sep;11;17;3;4;3;11;6;2;4;14;31;3;14;2;4;2;2;3;6;0;2;14;2;9;4;3;9;0;0;0;0;0;3;0;;188
13 Sep;9;15;0;6;0;13;6;6;7;35;37;2;13;1;0;6;3;5;7;9;1;23;0;5;10;13;15;0;0;0;25;1;3;0;;276
14 Sep;11;22;1;4;1;11;3;1;17;48;24;3;14;3;11;4;7;6;6;3;0;21;0;3;5;4;9;1;0;0;2;2;2;1;;250
15 Sep;18;17;0;4;0;15;10;1;22;39;23;2;11;3;1;0;4;2;3;4;5;50;0;3;8;4;8;0;0;1;5;1;2;1;;267
16 Sep;19;14;6;6;0;9;9;1;9;42;30;1;8;2;2;0;4;1;3;3;1;25;0;14;2;6;6;0;0;0;9;1;3;1;;237
17 Sep;14;13;3;2;1;6;5;1;8;41;20;3;7;8;1;1;5;3;5;3;3;18;2;11;9;10;9;0;0;2;0;0;5;0;;219
18 Sep;16;9;1;6;3;7;6;0;6;37;19;4;7;7;4;0;3;1;5;4;6;14;1;1;6;3;6;0;0;0;2;0;1;0;;185
19 Sep;12;14;0;5;0;9;4;1;6;11;16;1;9;3;4;1;4;1;1;0;2;17;1;2;2;5;9;0;0;0;0;1;2;2;;145
20 Sep;23;9;2;6;0;9;3;4;10;19;26;2;3;2;2;0;1;1;5;3;0;12;0;2;3;8;7;0;0;0;0;0;4;0;;166
21 Sep;16;12;3;1;0;7;4;1;9;23;25;0;3;1;2;13;0;4;4;4;0;7;0;1;4;13;7;0;0;0;1;1;1;4;;171
22 Sep;14;16;0;6;0;5;4;1;13;14;14;2;5;0;1;0;0;1;1;3;3;6;3;1;8;9;7;0;0;0;4;4;1;3;;149
23 Sep;23;16;2;5;0;7;2;1;13;16;22;3;2;0;1;0;4;2;3;5;0;8;0;4;3;1;6;0;0;0;10;0;1;0;;160
24 Sep;12;12;1;1;0;5;5;0;13;16;18;2;3;4;0;0;1;1;3;4;0;11;0;4;3;3;5;0;0;1;10;0;6;0;;144
25 Sep;9;9;2;6;0;5;3;0;2;12;17;1;2;4;1;2;2;0;2;4;1;4;0;4;3;5;8;0;0;0;10;1;4;0;;123
26 Sep;5;4;1;5;0;3;3;3;6;3;8;1;1;2;4;1;0;0;3;7;0;6;0;2;1;2;3;0;0;1;10;0;1;0;;86
27 Sep;4;7;0;2;0;6;4;3;6;12;14;0;4;2;12;0;1;2;1;1;1;5;1;3;3;8;2;0;0;0;10;1;3;0;;118
28 Sep;9;6;1;3;1;3;3;0;6;20;12;1;3;2;11;2;1;2;3;2;1;10;0;2;1;4;7;0;0;0;5;1;2;0;;124
29 Sep;10;7;1;1;0;5;6;1;5;12;9;3;7;1;7;2;1;2;3;1;2;7;1;1;3;3;4;0;1;0;10;1;0;0;;117
30 Sep;10;5;1;2;0;5;3;0;11;28;13;1;1;0;5;2;3;0;4;2;1;1;0;2;2;3;2;0;0;0;5;0;1;0;;113
1 Oct;;;;;;;;;;;;;;;;;;;;;;;;;;;;;;;;;;;;87
2 Oct;;;;;;;;;;;;;;;;;;;;;;;;;;;;;;;;;;;;89
3 Oct;;;;;;;;;;;;;;;;;;;;;;;;;;;;;;;;;;;;58
4 Oct;;;;;;;;;;;;;;;;;;;;;;;;;;;;;;;;;;;;88
5 Oct;;;;;;;;;;;;;;;;;;;;;;;;;;;;;;;;;;;;77
6 Oct;;;;;;;;;;;;;;;;;;;;;;;;;;;;;;;;;;;;75
7 Oct;;;;;;;;;;;;;;;;;;;;;;;;;;;;;;;;;;;;81
8 Oct;;;;;;;;;;;;;;;;;;;;;;;;;;;;;;;;;;;;66
9 Oct;;;;;;;;;;;;;;;;;;;;;;;;;;;;;;;;;;;;52
10 Oct;;;;;;;;;;;;;;;;;;;;;;;;;;;;;;;;;;;;39
11 Oct;;;;;;;;;;;;;;;;;;;;;;;;;;;;;;;;;;;;65
12 Oct;;;;;;;;;;;;;;;;;;;;;;;;;;;;;;;;;;;;47
13 Oct;;;;;;;;;;;;;;;;;;;;;;;;;;;;;;;;;;;;48
14 Oct;;;;;;;;;;;;;;;;;;;;;;;;;;;;;;;;;;;;37
15 Oct;;;;;;;;;;;;;;;;;;;;;;;;;;;;;;;;;;;;41
16 Oct;;;;;;;;;;;;;;;;;;;;;;;;;;;;;;;;;;;;44
17 Oct;;;;;;;;;;;;;;;;;;;;;;;;;;;;;;;;;;;;19
18 Oct;;;;;;;;;;;;;;;;;;;;;;;;;;;;;;;;;;;;47
19 Oct;;;;;;;;;;;;;;;;;;;;;;;;;;;;;;;;;;;;50
20 Oct;;;;;;;;;;;;;;;;;;;;;;;;;;;;;;;;;;;;28
21 Oct;;;;;;;;;;;;;;;;;;;;;;;;;;;;;;;;;;;;43
22 Oct;;;;;;;;;;;;;;;;;;;;;;;;;;;;;;;;;;;;33
23 Oct;;;;;;;;;;;;;;;;;;;;;;;;;;;;;;;;;;;;23
24 Oct;;;;;;;;;;;;;;;;;;;;;;;;;;;;;;;;;;;;29
25 Oct;;;;;;;;;;;;;;;;;;;;;;;;;;;;;;;;;;;;30
26 Oct;;;;;;;;;;;;;;;;;;;;;;;;;;;;;;;;;;;;35
27 Oct;;;;;;;;;;;;;;;;;;;;;;;;;;;;;;;;;;;;29
28 Oct;;;;;;;;;;;;;;;;;;;;;;;;;;;;;;;;;;;;34
29 Oct;;;;;;;;;;;;;;;;;;;;;;;;;;;;;;;;;;;;28
30 Oct;;;;;;;;;;;;;;;;;;;;;;;;;;;;;;;;;;;;27
31 Oct;;;;;;;;;;;;;;;;;;;;;;;;;;;;;;;;;;;;17
1 Nov;;;;;;;;;;;;;;;;;;;;;;;;;;;;;;;;;;;;18
2 Nov;;;;;;;;;;;;;;;;;;;;;;;;;;;;;;;;;;;;34
3 Nov;;;;;;;;;;;;;;;;;;;;;;;;;;;;;;;;;;;;24
4 Nov;;;;;;;;;;;;;;;;;;;;;;;;;;;;;;;;;;;;19
5 Nov;;;;;;;;;;;;;;;;;;;;;;;;;;;;;;;;;;;;19
6 Nov;;;;;;;;;;;;;;;;;;;;;;;;;;;;;;;;;;;;15
7 Nov;;;;;;;;;;;;;;;;;;;;;;;;;;;;;;;;;;;;11
8 Nov;;;;;;;;;;;;;;;;;;;;;;;;;;;;;;;;;;;;12
9 Nov;;;;;;;;;;;;;;;;;;;;;;;;;;;;;;;;;;;;21
10 Nov;;;;;;;;;;;;;;;;;;;;;;;;;;;;;;;;;;;;14
11 Nov;;;;;;;;;;;;;;;;;;;;;;;;;;;;;;;;;;;;16
12 Nov;;;;;;;;;;;;;;;;;;;;;;;;;;;;;;;;;;;;20
13 Nov;;;;;;;;;;;;;;;;;;;;;;;;;;;;;;;;;;;;15
14 Nov;;;;;;;;;;;;;;;;;;;;;;;;;;;;;;;;;;;;16
15 Nov;;;;;;;;;;;;;;;;;;;;;;;;;;;;;;;;;;;;11
16 Nov;;;;;;;;;;;;;;;;;;;;;;;;;;;;;;;;;;;;15
17 Nov;;;;;;;;;;;;;;;;;;;;;;;;;;;;;;;;;;;;13
18 Nov;;;;;;;;;;;;;;;;;;;;;;;;;;;;;;;;;;;;11
19 Nov;;;;;;;;;;;;;;;;;;;;;;;;;;;;;;;;;;;;5
20 Nov;;;;;;;;;;;;;;;;;;;;;;;;;;;;;;;;;;;;14
21 Nov;;;;;;;;;;;;;;;;;;;;;;;;;;;;;;;;;;;;11
22 Nov;;;;;;;;;;;;;;;;;;;;;;;;;;;;;;;;;;;;5
23 Nov;;;;;;;;;;;;;;;;;;;;;;;;;;;;;;;;;;;;9
24 Nov;;;;;;;;;;;;;;;;;;;;;;;;;;;;;;;;;;;;13
25 Nov;;;;;;;;;;;;;;;;;;;;;;;;;;;;;;;;;;;;16
26 Nov;;;;;;;;;;;;;;;;;;;;;;;;;;;;;;;;;;;;14
27 Nov;;;;;;;;;;;;;;;;;;;;;;;;;;;;;;;;;;;;11
28 Nov;;;;;;;;;;;;;;;;;;;;;;;;;;;;;;;;;;;;1
29 Nov;;;;;;;;;;;;;;;;;;;;;;;;;;;;;;;;;;;;11
30 Nov;;;;;;;;;;;;;;;;;;;;;;;;;;;;;;;;;;;;11
1 Dec;;;;;;;;;;;;;;;;;;;;;;;;;;;;;;;;;;;;10
2 Dec;;;;;;;;;;;;;;;;;;;;;;;;;;;;;;;;;;;;10
3 Dec;;;;;;;;;;;;;;;;;;;;;;;;;;;;;;;;;;;;8
4 Dec;;;;;;;;;;;;;;;;;;;;;;;;;;;;;;;;;;;;5
5 Dec;;;;;;;;;;;;;;;;;;;;;;;;;;;;;;;;;;;;4
6 Dec;;;;;;;;;;;;;;;;;;;;;;;;;;;;;;;;;;;;9
7 Dec;;;;;;;;;;;;;;;;;;;;;;;;;;;;;;;;;;;;17
8 Dec;;;;;;;;;;;;;;;;;;;;;;;;;;;;;;;;;;;;16
9 Dec;;;;;;;;;;;;;;;;;;;;;;;;;;;;;;;;;;;;9
10 Dec;;;;;;;;;;;;;;;;;;;;;;;;;;;;;;;;;;;;5
11 Dec;;;;;;;;;;;;;;;;;;;;;;;;;;;;;;;;;;;;6
12 Dec;;;;;;;;;;;;;;;;;;;;;;;;;;;;;;;;;;;;7
13 Dec;;;;;;;;;;;;;;;;;;;;;;;;;;;;;;;;;;;;12
14 Dec;;;;;;;;;;;;;;;;;;;;;;;;;;;;;;;;;;;;12
15 Dec;;;;;;;;;;;;;;;;;;;;;;;;;;;;;;;;;;;;9
16 Dec;;;;;;;;;;;;;;;;;;;;;;;;;;;;;;;;;;;;10
17 Dec;;;;;;;;;;;;;;;;;;;;;;;;;;;;;;;;;;;;7
18 Dec;;;;;;;;;;;;;;;;;;;;;;;;;;;;;;;;;;;;12
19 Dec;;;;;;;;;;;;;;;;;;;;;;;;;;;;;;;;;;;;4